# tree	install_path	size	sha256
common	qca/crbtfw21.tlv	149428	8d587968cd90fb2c4bf94cd06921e9979015172b49ac3a8741947dd37675f2c5
common	qca/crnv21.bin	4480	43f429abcf72c6a0e93e6de2875a174369dc83002ab539826c40da30677337e9
common	qcom/a540_gpmu.fw2	11736	57d7653c4dcc1130ac2c31512ec7fbb6348613d4bcd99b9b6221e3f9ee52f535
h930	ath10k/WCN3990/hw1.0/board.bin	19152	a0413c220905694c9f311740e9ad5e749dcd9bb19c8eed77aa4b61884191eefc
h930	ipa_fws.b00	212	98392dd51753daaaa61b4218f6577895dc3596053551b61a8c9d40de2abf5bfa
h930	ipa_fws.b01	6600	a929e33fe5b1127f27da288b33c8697b394b0969f107a751b51208789683c2f9
h930	ipa_fws.b02	13608	402234ff0f0cdac076339c89bb4488f040bb92df5ff53718e655d37169001cb4
h930	ipa_fws.b03	128	14024088f436ebd24b097cb113b2177e12c939efdac0211d560c7cc498611507
h930	ipa_fws.b04	320	8d572c4b4dee9572d90ab90137ec030331856bbfd8bf2e6ee315da4a5bab3373
h930	ipa_fws.mdt	6812	2a9b80a01f018e3a94c3a5740ba0f1887a3f02ba1580c3106923bc93c87a9311
h930	qcom/a540_zap.b00	148	5302ecf8978c825bdc9d8455a828a4ac1e1d762cf09ff821f9f506fb89a549e5
h930	qcom/a540_zap.b01	6536	f0fe5a12c1062d99c8a7d8cdf05bcf7cb8d4573c07b47ceb0f66f9cacdca28f8
h930	qcom/a540_zap.b02	4916	997933766e93f7692329f397808f8c23128a58b565d6305e48608cfce711e5d7
h930	qcom/a540_zap.mdt	6684	cc51c6cec73c932c99ec82327c14f2eaa0308ced70e1e65573e0494b9ecc89bb
h930	qcom/msm8998/joan/adsp.b00	436	e2c96428b9f603679a197e6d0bb617b40004fba29bb3c5da38bcb872a52a2c5d
h930	qcom/msm8998/joan/adsp.b01	6824	84e1a07e2b41bd144b1fd1878b2123d00de3a6dd898eca534cf5ad3fa1866d63
h930	qcom/msm8998/joan/adsp.b02	381616	e4b85e57ee118f2df55d722d677796952321ae7e0dc8381d0f1deedaef799b21
h930	qcom/msm8998/joan/adsp.b03	104076	75614936aba588d17078be61026e4fc10b3cd66f469a3caa8294d449020da5eb
h930	qcom/msm8998/joan/adsp.b04	1196	ef6b658f765020b366003d9ca0d72b48d3362805f70d9840cf393884b0995d88
h930	qcom/msm8998/joan/adsp.b05	2442432	ae55428cb9d57f53eaf14fc53a02caf7f545b7ab6a5575524591c879c3d0b8cc
h930	qcom/msm8998/joan/adsp.b06	11616	6a30c4a7fa2235a492dabf1def3aeafbd2cc8f0a471652dfd3c8b3103a981b38
h930	qcom/msm8998/joan/adsp.b08	8259044	6316ebe5567905d319053df896f14bb4661256f562fec522c2fb572fbc427581
h930	qcom/msm8998/joan/adsp.b09	96948	8153ca27bf4a63df8ad268a395fa8df3387777176742195bfc7c36d856a391ee
h930	qcom/msm8998/joan/adsp.b11	953280	046f0ec893a3c20d82e287250767e65ef70e0e665118ee0825c6dbdfb89d68e2
h930	qcom/msm8998/joan/adsp.mdt	7260	56e90c225ab00e4dceec9c60ac2b9f5c08b4f8ecfe4e16e67abdc0dbd4b47ab6
h930	qcom/msm8998/joan/mba.mbn	230056	c4e9da68a2da537cc6cc60c2837e972c68c9b8e80b41a56b4879c222be5825cf
h930	qcom/msm8998/joan/modem.b00	1012	3012073b00b821a9c67567300d2c3f799199a4ae6dd2e87a7f152adfd6d30bee
h930	qcom/msm8998/joan/modem.b01	7400	b21d6a0ce9e48a8d35b95f35037ec27076e97c7c4a4e13d30871f97da15d6824
h930	qcom/msm8998/joan/modem.b02	45360	7d2485a16a917d068a617fcc071eb7d84feb8cc7cb4c14acd5629d9a54889752
h930	qcom/msm8998/joan/modem.b03	8728	53b352a597e3c689f0c02ce14f8fc57272e2dad4dffafdb25f60d0b9bab04c58
h930	qcom/msm8998/joan/modem.b04	219104	6c0a10fbaf0af1f32c05cb803b42a6de8126df65b6cb5f8c69a27429de060e30
h930	qcom/msm8998/joan/modem.b05	309131	1d576c2c330ed2cc2e4cc69edf51392d0094ded8759acb03b872306563ca1d99
h930	qcom/msm8998/joan/modem.b06	50656	c1d82de601470db125446e78bcc8533692f2424bb05946a18fd0640b219e6bd9
h930	qcom/msm8998/joan/modem.b07	132844	af2bc6ac1aee28a210576b3cb477d63fb1a7347df6fca66ff5bfa74b0f0fa6f3
h930	qcom/msm8998/joan/modem.b08	352340	f55b21401159ddb9ff26fea9fa1c91cee2b89f9a0afe375a0940e3feb9e8b4da
h930	qcom/msm8998/joan/modem.b09	2550116	626697c7e906efff7b81235c09d5c86450aa7535346ae3bf0bb114c6cda10dde
h930	qcom/msm8998/joan/modem.b10	45	92b1282f9193f4e258c016b2c2b6517c8bd736139e8d51bf32a01d37633aa86c
h930	qcom/msm8998/joan/modem.b11	1105920	c73ca0f5455f37c197ecda97b61a4012f884cd54a12bf673685305ea55024d36
h930	qcom/msm8998/joan/modem.b12	19590352	649e490cde7a7c66c7c1f7ba4310e74b252693d35c627ea67ac7ad5695abc0dd
h930	qcom/msm8998/joan/modem.b13	287992	cfb74ecbcc0300ff060d8dd9b79b68a913853e9c83a323e299df6d04dfb825b6
h930	qcom/msm8998/joan/modem.b14	1124	ddb9ce00fd3834ef6ad3fb8996cefdff05e9ed20ceb633bda58da45b8e6c843b
h930	qcom/msm8998/joan/modem.b16	517520	87e208a2efcc7f03c23ccdea8371b4a18fd6c6c69a61012bb1bf1ae5817e320f
h930	qcom/msm8998/joan/modem.b17	16003009	93868263b657f19d797dd52ac0da2384d06ea9b294679db9739880f4aaf85079
h930	qcom/msm8998/joan/modem.b18	3595016	451220ef80d9835c497118dc21d0f6cb1162abb567aa94e126c4a72b0a356e23
h930	qcom/msm8998/joan/modem.b20	65856	bc7221dd2fbaa92784d4ad5f9d340f3603d71b146132c6bfaec7b3f791645398
h930	qcom/msm8998/joan/modem.b21	663233	c1fb079d01d53ee7ee491793336ad0397bf8dbfaf17fa34abe2afedaf78b63ff
h930	qcom/msm8998/joan/modem.b22	9273344	596a590219966280060c8612ec88243c4f92ebadd1cfcca9ce2bdbf0f0bbacec
h930	qcom/msm8998/joan/modem.b23	86016	1cd7c54a20e75a6ff1dd2a8a50917976ab27fce20531ad4078e36b03a95c7539
h930	qcom/msm8998/joan/modem.b24	1413120	443c145a60d3160a170909566301f61556b4894d0079f6345ece68fd887f7b19
h930	qcom/msm8998/joan/modem.b25	81476	e5ac44f3bd547260d77ec17209623623456fd123fec15534b81621a3f6c8d3bb
h930	qcom/msm8998/joan/modem.b26	4848	01014df2a526325fb79d543c0169d27ea129e70d9f46dbb84803ea4954ac6fdf
h930	qcom/msm8998/joan/modem.b27	224	06a8a231de7fae5dcb1b13526eb2990696872ace14068a6e2fa5fe11b9655556
h930	qcom/msm8998/joan/modem.b28	429544	e8e20b36b82745eec2dbeee5244120593aae298f4c15c816be5a077ccce5cf3c
h930	qcom/msm8998/joan/modem.mdt	8412	d49aac8f2e0e191440b8e30118f8a39a7b6e4c238d312ce89484b1a8dff56da5
h930	qcom/msm8998/joan/wlanmdsp.mbn	3055364	88fee31661c697a12395613ba135908395e88d7d3ede39ecc18336a28b1d2bb4
h932	ath10k/WCN3990/hw1.0/board.bin	19152	36ed7a78496293e07331dad168d7a32fbb9a3e6c919dda1f74475c5be236b85c
h932	ipa_fws.b00	212	98392dd51753daaaa61b4218f6577895dc3596053551b61a8c9d40de2abf5bfa
h932	ipa_fws.b01	6600	e2cb5dff786058dba1f212a6f9aee86a1f6502e403d83d21896f19bcda7b2884
h932	ipa_fws.b02	13608	402234ff0f0cdac076339c89bb4488f040bb92df5ff53718e655d37169001cb4
h932	ipa_fws.b03	128	14024088f436ebd24b097cb113b2177e12c939efdac0211d560c7cc498611507
h932	ipa_fws.b04	320	8d572c4b4dee9572d90ab90137ec030331856bbfd8bf2e6ee315da4a5bab3373
h932	ipa_fws.mdt	6812	f1e8fca8192a3dad72972f5489ba7a62e14d2be90d9aacaf99587ee7946899e4
h932	qcom/a540_zap.b00	148	5302ecf8978c825bdc9d8455a828a4ac1e1d762cf09ff821f9f506fb89a549e5
h932	qcom/a540_zap.b01	6536	553481af129d4996f50984e501dfb00ec6a512c5ea924316112bdb3ee088a8cb
h932	qcom/a540_zap.b02	4916	997933766e93f7692329f397808f8c23128a58b565d6305e48608cfce711e5d7
h932	qcom/a540_zap.mdt	6684	d33e37f06d6123d57841cb00df78a840fb09ad32fb529e8567a4e353e7894427
h932	qcom/msm8998/joan/adsp.b00	436	5589a06956c868f44c45827a2535cd6401808d1ef88984ae8db79048f1f1a47a
h932	qcom/msm8998/joan/adsp.b01	6824	e01e098c33f390f26e793cb34bb1225240b5d9502d3721b095d209eb1c5d6ddd
h932	qcom/msm8998/joan/adsp.b02	381616	fdf37fdbba4d69454ab8350e38bc41f86b10a254ac133cec725f1c41f7931521
h932	qcom/msm8998/joan/adsp.b03	104076	203d7fc2550d1a6ae4f26957f26ebfa28a4904419e1c052019e728dabcf6edb7
h932	qcom/msm8998/joan/adsp.b04	1196	ef6b658f765020b366003d9ca0d72b48d3362805f70d9840cf393884b0995d88
h932	qcom/msm8998/joan/adsp.b05	2442432	a78fbb9c449846675f9d9ef8d5d00c3e943c1134326bf082002361fb2ba911df
h932	qcom/msm8998/joan/adsp.b06	11616	e7461c5a15f130ab36ba25fcc9f2559af348f81986de30945294137cbf47b87e
h932	qcom/msm8998/joan/adsp.b08	8259044	6c25c5dbb409d1c8640ada4e7c1ae646eabd28b7260b42fab48327cecbbc08d8
h932	qcom/msm8998/joan/adsp.b09	96948	8153ca27bf4a63df8ad268a395fa8df3387777176742195bfc7c36d856a391ee
h932	qcom/msm8998/joan/adsp.b11	953272	ae37374dd474642b943868af3e14d482976362134c89860bd6070ed21b1e0ec3
h932	qcom/msm8998/joan/adsp.mdt	7260	dac920afe9f07d7a9988eaf8ac5967291c8d05adab0c817d6c92588d7ff2715b
h932	qcom/msm8998/joan/mba.mbn	230056	911287ae4bf4a7aed48e39d20c5e4c3bf1c915fda63d6cffdfb93c163a8f73f4
h932	qcom/msm8998/joan/modem.b00	1012	05391aebdfe3e006c411c78a6dd1fc2a09e5f862e357aef74f5fedb95efff176
h932	qcom/msm8998/joan/modem.b01	7400	b7182f8dca54136a4d5be560898df7f97ada36e7693c8c47d6a5d5db39a0bc71
h932	qcom/msm8998/joan/modem.b02	45360	3aed33b7e3f1af6b3d5b8d074c45b524592629c17b6e2456236afbc7c43a741b
h932	qcom/msm8998/joan/modem.b03	8728	53b352a597e3c689f0c02ce14f8fc57272e2dad4dffafdb25f60d0b9bab04c58
h932	qcom/msm8998/joan/modem.b04	219104	6a6363578b55fb7870d6644bf087e47c05bb7ca27ea4611ddc64d47887706913
h932	qcom/msm8998/joan/modem.b05	309131	55c872eaee291578fdc5663e4d10995696d231aa89cf3926033da99ae091139f
h932	qcom/msm8998/joan/modem.b06	50656	41fefefb14b5edd4f1dfeb27164a9edbac7413e00aa07f95dbb77ad049e1172f
h932	qcom/msm8998/joan/modem.b07	132892	983ad99d7b8aee0ea1aa68ea25e3534dfd404d20301e3a112f196bed9d67407d
h932	qcom/msm8998/joan/modem.b08	352340	8193250f33d9c6916dd71e20e99fe4c7febc16a0d894b87a7518088864563955
h932	qcom/msm8998/joan/modem.b09	2550116	aeca26221fd2669db3f0b27fca0ce92110c3e65eacc0f344438f0f37aa986a94
h932	qcom/msm8998/joan/modem.b10	45	92b1282f9193f4e258c016b2c2b6517c8bd736139e8d51bf32a01d37633aa86c
h932	qcom/msm8998/joan/modem.b11	1105920	3f562673a4d52d7a8ab3456818f7eed8d604a31064d01ba6d9de1d7194b3ff54
h932	qcom/msm8998/joan/modem.b12	19488368	190e7d82c922b132176ad4b3f96852a5ee40a09168854a1df49f0808197a9d1b
h932	qcom/msm8998/joan/modem.b13	287992	5c377ef96a1ad6738e246e5621f1997a32f9d7b6d74d8af0a680a31707f9ceb4
h932	qcom/msm8998/joan/modem.b14	476	82e9607439830b054c7b132417b4611eddcd66e609d2e702e5f9f7f82ac0d13a
h932	qcom/msm8998/joan/modem.b16	517520	87e208a2efcc7f03c23ccdea8371b4a18fd6c6c69a61012bb1bf1ae5817e320f
h932	qcom/msm8998/joan/modem.b17	15982785	7c2feb10ef8115d1a57ff5f32f234a503adceb7dd9d06acc1f0061851b0fa61a
h932	qcom/msm8998/joan/modem.b18	3517192	3aa3e06b3057184945f89bcd15c5370fc8390d46dc72d636aa3adc9c804c7385
h932	qcom/msm8998/joan/modem.b20	65664	51f1b6acd4c0c85b064c4dae57d5324a4a0c3fd30605d8e01df9f3096db58195
h932	qcom/msm8998/joan/modem.b21	663120	542fd61806bed2e769d0f4e626e7f39b5316f536f4e3fb1a8a72726981703d62
h932	qcom/msm8998/joan/modem.b22	9277440	6e85d09851b2b9852e4e7bb9612162efa82d4055858466db0890a1d9f3a73c81
h932	qcom/msm8998/joan/modem.b23	147456	6a90aac0e925bc7563c13637d5935a1e437afbbd7c787c666620783fa7d2c989
h932	qcom/msm8998/joan/modem.b24	1404928	e78d2aba86c3f284e60062dcf059f61d2acb193290116942e9b93188229d878b
h932	qcom/msm8998/joan/modem.b25	429544	264c531e8d297e84b5def0efe56a143010cb1c36377ba889251badf0b5b9b9e7
h932	qcom/msm8998/joan/modem.b26	81476	e5ac44f3bd547260d77ec17209623623456fd123fec15534b81621a3f6c8d3bb
h932	qcom/msm8998/joan/modem.b27	4848	01014df2a526325fb79d543c0169d27ea129e70d9f46dbb84803ea4954ac6fdf
h932	qcom/msm8998/joan/modem.b28	224	06a8a231de7fae5dcb1b13526eb2990696872ace14068a6e2fa5fe11b9655556
h932	qcom/msm8998/joan/modem.mdt	8412	2ee2d1f5f2d959510faf9f23b740af198afb6552428a1e73c30ee65ebda73cb7
h932	qcom/msm8998/joan/wlanmdsp.mbn	3055364	b536d1ab8485f5c7da7f11ac8ec2eaa918a0b7d8f0969cc8bd4af4042c1a1855
us998	ath10k/WCN3990/hw1.0/board.bin	19152	0ff6ab8274b2ecee4de3aa2187a6d5786b1aba77038bbb7f8d9e713e14b945ea
common	ath10k/WCN3990/hw1.0/board-2.bin	57740	ca7933b85739298aace717b26d06397ab023e9635d89660e4cc0c7ee55778a6b
h930	qcom/msm8998/joan/slpi_v2.b00	532	f3286e3930c2fe4099a7056d155425c408501e218b80650131be8236b7cd712f
h930	qcom/msm8998/joan/slpi_v2.b01	6920	fdfb74e766177b97edc7c93e19115052a36beb1734124f0ec69f50323c298640
h930	qcom/msm8998/joan/slpi_v2.b02	8052	8ef3745f542ffffe2209642dd2a88037da75e52a187a25b268a69bfca5a7da25
h930	qcom/msm8998/joan/slpi_v2.b03	253872	48a31d6417d70485ca252a16896a035a828e2152fb9cda662e4a1b43380aaded
h930	qcom/msm8998/joan/slpi_v2.b04	1291972	15c391a082d3ab261d4c1a70447f5b348bf14f6b5d2c5f85c7cfe5e21167858b
h930	qcom/msm8998/joan/slpi_v2.b05	599740	2716f4dc78f81118794cbf436397a8f9104d9ad7f62b29d6779ac144f27898b7
h930	qcom/msm8998/joan/slpi_v2.b06	49995	a348398e10f1b443cd50b6a4c087f532ab836d9cbf5dff6428f101af6dd91ef5
h930	qcom/msm8998/joan/slpi_v2.b07	82146	cc8dff230560561657955b8f1a1384e6a0af7b0d9da1e98d0c2856fecfe37294
h930	qcom/msm8998/joan/slpi_v2.b08	35628	05cadb6ca6c9a8c1b8caa67ac8b2671e6da511175f3c5e4bc6e02bb07a867c69
h930	qcom/msm8998/joan/slpi_v2.b09	1005748	ccee0e0e12119dc5222349fc0eacf1b1a8a88536a0b41df91f965ae0d74caffd
h930	qcom/msm8998/joan/slpi_v2.b10	20484	e87778bbee21744947da70c626c50d9e937a97dad6529e54c19043216b2b0dd1
h930	qcom/msm8998/joan/slpi_v2.b11	113580	ddf5f5ae3b69f79a67c6d1e3c5569090c6d3c3daa7aa873599ec828930b3cdb5
h930	qcom/msm8998/joan/slpi_v2.b12	205520	e498c2e1d25cd704cc0fb56f72d7bf4d944c608a900b160f3e7238f1783860d9
h930	qcom/msm8998/joan/slpi_v2.b13	243652	4f10dce7a962dd911d18f944cd760d68d9044ff72b6c9509fa4993bf30668e0c
h930	qcom/msm8998/joan/slpi_v2.mdt	7452	86e964daead3429cdbdddec3f1ff045d2f25dd36e16dd40c66d00a61fb7f522b
h930	qcom/msm8998/joan/venus.b00	212	45d58fd5ae44cf7d061b31251bc340c1b9b3c4285cfbe40a9caefe2106c0c658
h930	qcom/msm8998/joan/venus.b01	6600	128bc43ddf5c80e8d722084e6376508a5bd5b0f093fbda17d5aac39294d65866
h930	qcom/msm8998/joan/venus.b02	922732	be600853a1d0b606556023ac7edfcb3c56871604ed3a0ae8573af7a88a09fedb
h930	qcom/msm8998/joan/venus.b03	29196	8729959d4c4c668d853b75aba41335ea1df599bf11ca86cc7d27da10a6adf432
h930	qcom/msm8998/joan/venus.b04	32	43b09596e1496809aaa964b34c146580f0566c86bc9d7218a1288fd15fb93424
h930	qcom/msm8998/joan/venus.mdt	6812	209e07777795275b90b26e69d2b96aa9d5ea847300f319177aceb423c98c3062
h932	qcom/msm8998/joan/slpi_v2.b00	532	f3286e3930c2fe4099a7056d155425c408501e218b80650131be8236b7cd712f
h932	qcom/msm8998/joan/slpi_v2.b01	6920	015cbdc4886aae17ef379a5dfe138b81d3af0d9f3e3d4af710fa50f99b1ae4d7
h932	qcom/msm8998/joan/slpi_v2.b02	8052	b72807431c84d84b39ba747c34bb30fce0f5fa2c80ca5072b5d892aa915b031e
h932	qcom/msm8998/joan/slpi_v2.b03	253872	7826a6ebe1c777131f91b090375ecd6ed4d68121042161748279229ea1cf1158
h932	qcom/msm8998/joan/slpi_v2.b04	1291972	ab115c8b33e9aaa09f22f5e41e6acf570077b4270872814bdaddb9b5421a36b7
h932	qcom/msm8998/joan/slpi_v2.b05	599740	3fd211e8a6949b5d7d292be09fd5d07dec036d5248fa4ca80a4754f97fcc3925
h932	qcom/msm8998/joan/slpi_v2.b06	49995	a348398e10f1b443cd50b6a4c087f532ab836d9cbf5dff6428f101af6dd91ef5
h932	qcom/msm8998/joan/slpi_v2.b07	82146	1436a08ff24b98fc4b980773e145be4006cd3f6f7b4088365c99cb9842cdc211
h932	qcom/msm8998/joan/slpi_v2.b08	35628	d1c44bbd4b7871af198b6156d2c8f3bcacc0b990e77823653cb060b7891a42c0
h932	qcom/msm8998/joan/slpi_v2.b09	1005748	6b3c96f23f5e9c80468c3bc8ac54ca4379ffc1f1adc87083a8714ee6ff78518c
h932	qcom/msm8998/joan/slpi_v2.b10	20484	3050081d8f1f393034bd787880cbb96d9ac4354c7acb6f8c8b4ec30099f14ae6
h932	qcom/msm8998/joan/slpi_v2.b11	113580	3480129fbcbe71178ab2c91b48b324a3651f0d8e8bd9eae0f45b269ee59d49c9
h932	qcom/msm8998/joan/slpi_v2.b12	205520	c9ff665d7527b9306c63db4e5a8b86f4438b554e649bfd7432d0492fa691d52a
h932	qcom/msm8998/joan/slpi_v2.b13	243652	36872901405e7d40760e45f0fbac2ddac604828a876acf2cf659760106c3ac07
h932	qcom/msm8998/joan/slpi_v2.mdt	7452	219348804b2e95c84cf70d93ddbf02639da38f6d8d7b46657fa042225968f3d0
h932	qcom/msm8998/joan/venus.b00	212	45d58fd5ae44cf7d061b31251bc340c1b9b3c4285cfbe40a9caefe2106c0c658
h932	qcom/msm8998/joan/venus.b01	6600	475918e195e8d7a7ba1bc7cd34ada6de9b6f964168ce2b09e72f416da0cb608c
h932	qcom/msm8998/joan/venus.b02	922732	be600853a1d0b606556023ac7edfcb3c56871604ed3a0ae8573af7a88a09fedb
h932	qcom/msm8998/joan/venus.b03	29196	8729959d4c4c668d853b75aba41335ea1df599bf11ca86cc7d27da10a6adf432
h932	qcom/msm8998/joan/venus.b04	32	43b09596e1496809aaa964b34c146580f0566c86bc9d7218a1288fd15fb93424
h932	qcom/msm8998/joan/venus.mdt	6812	abd314119c989d53f0819ec5ed56d720c1b8c49a482c1d66dc4b2b3a816cc99a
common	bu24235_dl_program_Joan_LGITAct_ICG1020S_rev0_S_data1.bin	824	c019d5047bcc58d990345ae203e99d4d1befe0ba339def3e44379aa7ffa2c1ba
common	bu24235_dl_program_Joan_LGITAct_ICG1020S_rev0_S_data2.bin	448	10bfe2abf07c98a9de546950e7bb9c25bfae035ba83700958a5f4e04cc3ddfc2
common	bu24235_dl_program_Joan_LGITAct_ICG1020S_rev3_S_data1.bin	824	c019d5047bcc58d990345ae203e99d4d1befe0ba339def3e44379aa7ffa2c1ba
common	bu24235_dl_program_Joan_LGITAct_ICG1020S_rev3_S_data2.bin	448	2d522264645e0a25afdb54e8a3a0989d3331a4eaeffa84ad1672393f48630dc6
common	bu24235_dl_program_Joan_LGITAct_ICG1020S_rev5_S_data1.bin	824	c019d5047bcc58d990345ae203e99d4d1befe0ba339def3e44379aa7ffa2c1ba
common	bu24235_dl_program_Joan_LGITAct_ICG1020S_rev5_S_data2.bin	448	583d4381a30be0f7836e1d647322c184ea259809cdc79fdcb49810cbfbf10ec5
